form_name,packet,question,var_name,missingness,conformity,response_labels,data_type,branching_logic,carry_forward
a5d2,F,0a. A5/D2 Participant Health History - Form date,FRMDATEA5D2,Always,mm/dd/yyyy or yyyy/mm/dd,,Date,,no
a5d2,F,0b. A5/D2 Participant Health History - Examiner's initials,INITIALSA5D2,No,text,,String,,no
a5d2,F,0c. A5/D2 Participant Health History - Language,LANGA5D2,Always,Integers 1-2,"1, English|2, Spanish",Integer,,no
a5d2,F,0d. A5/D2 Participant Health History - In-person or remote?,MODEA5D2,Always,Integers 1-2,"1, In-person|2, Remote",Integer,,no
a5d2,F,"0d1. If 'A5/D2 Participant Health History'  form was completed remotely, specify reason",RMREASA5D2,Conditional (e.g. skip pattern),Integers 1-5,"1, Too cognitively impaired|2, Too physically impaired|3, Homebound or nursing home|4, Refused in-person visit|5, Other",Integer,[modea5d2]='2',no
a5d2,F,0d1a. What modality was used to collect this remote 'A5/D2 Participant Health History' form?,RMMODEA5D2,Conditional (e.g. skip pattern),Integers 1-2,"1, Telephone|2, Video",Integer,[modea5d2]='2',no
a5d2,F,1a. Has participant smoked more than 100 cigarettes in their life?,TOBAC100,Always,"0, 1, 9","0, No|1, Yes|9, Unknown",Integer,,yes
a5d2,F,1b. Total years smoked,SMOKYRS,Conditional (e.g. skip pattern),"0-87, 99, 777","0, 0|1, 1|2, 2|3, 3|4, 4|5, 5|6, 6|7, 7|8, 8|9, 9|10, 10|11, 11|12, 12|13, 13|14, 14|15, 15|16, 16|17, 17|18, 18|19, 19|20, 20|21, 21|22, 22|23, 23|24, 24|25, 25|26, 26|27, 27|28, 28|29, 29|30, 30|31, 31|32, 32|33, 33|34, 34|35, 35|36, 36|37, 37|38, 38|39, 39|40, 40|41, 41|42, 42|43, 43|44, 44|45, 45|46, 46|47, 47|48, 48|49, 49|50, 50|51, 51|52, 52|53, 53|54, 54|55, 55|56, 56|57, 57|58, 58|59, 59|60, 60|61, 61|62, 62|63, 63|64, 64|65, 65|66, 66|67, 67|68, 68|69, 69|70, 70|71, 71|72, 72|73, 73|74, 74|75, 75|76, 76|77, 77|78, 78|79, 79|80, 80|81, 81|82, 82|83, 83|84, 84|85, 85|86, 86|87, 87|99, 99 = Unknown|777, 777=Years provided at previous UDS visit",Integer,[tobac100]='1',yes
a5d2,F,1c. Average number of packs smoked per day,PACKSPER,Conditional (e.g. skip pattern),"1-5, 9","1, 1 cigarette to less than 1/2 pack|2, 1/2 pack to less than 1 pack|3, 1 pack to less than 1 1/2 packs|4, 1 1/2 packs to less than 2 packs|5, 2 packs or more|9, Unknown",Integer,[tobac100]='1',yes
a5d2,F,1d. Has participant smoked within the last 30 days?,TOBAC30,Conditional (e.g. skip pattern),"0, 1, 9","0, No|1, Yes|9, Unknown",Integer,[tobac100]='1',no
a5d2,F,"1e. If the participant quit smoking, specify the age at which they last smoked (i.e., quit)",QUITSMOK,Conditional (e.g. skip pattern),"8-110, 777, 888, 999","8, 8|9, 9|10, 10|11, 11|12, 12|13, 13|14, 14|15, 15|16, 16|17, 17|18, 18|19, 19|20, 20|21, 21|22, 22|23, 23|24, 24|25, 25|26, 26|27, 27|28, 28|29, 29|30, 30|31, 31|32, 32|33, 33|34, 34|35, 35|36, 36|37, 37|38, 38|39, 39|40, 40|41, 41|42, 42|43, 43|44, 44|45, 45|46, 46|47, 47|48, 48|49, 49|50, 50|51, 51|52, 52|53, 53|54, 54|55, 55|56, 56|57, 57|58, 58|59, 59|60, 60|61, 61|62, 62|63, 63|64, 64|65, 65|66, 66|67, 67|68, 68|69, 69|70, 70|71, 71|72, 72|73, 73|74, 74|75, 75|76, 76|77, 77|78, 78|79, 79|80, 80|81, 81|82, 82|83, 83|84, 84|85, 85|86, 86|87, 87|88, 88|89, 89|90, 90|91, 91|92, 92|93, 93|94, 94|95, 95|96, 96|97, 97|98, 98|99, 99|100, 100|101, 101|102, 102|103, 103|104, 104|105, 105|106, 106|107, 107|108, 108|109, 109|110, 110|777, 777 = Age provided at previous UDS visit|888, 888 = NA|999, 999  = Unknown",Integer,[tobac100]='1',yes
a5d2,F,"1f. In the past 12 months, how often has the participant had a drink containing alcohol?",ALCFREQYR,Always,"0-4, 9","0, Never|1, Monthly or less|2, 2-4 times a month|3, 2-3 times a week|4, 4 or more times a week|9, Unknown",Integer,,no
a5d2,F,"1g. On a day when the participant drinks alcoholic beverages, how many standard drinks does the participant typically consume?",ALCDRINKS,Conditional (e.g. skip pattern),1-5 9,"1, 1 or 2|2, 3 to 4|3, 5 to 6|4, 7 to 9|5, 10 or more|9, Unknown",Integer,[alcfreqyr]='1' or [alcfreqyr]='2' or [alcfreqyr]='3' or [alcfreqyr]='4',no
a5d2,F,"1h. In the past 12 months, how often did the participant have six or more drinks containing alcohol in one day?",ALCBINGE,Conditional (e.g. skip pattern),"0-4, 9","0, Never|1, Less than once a month|2, Monthly|3, Weekly|4, Daily or almost daily|9, Unknown",Integer,[alcfreqyr]='1' or [alcfreqyr]='2' or [alcfreqyr]='3' or [alcfreqyr]='4',no
a5d2,F,"1i1. Participant used substances including prescription or recreational drugs that caused significant impairment in work, legal, driving, or social areas within the past 12 months",SUBSTYEAR,Always,"0, 1, 9","0, No|1, Yes|9, Unknown",Integer,,no
a5d2,F,"1i2. Participant used substances including prescription or recreational drugs that caused significant impairment in work, legal, driving, or social areas prior to 12 months ago",SUBSTPAST,Always,"0, 1, 9","0, No|1, Yes|9, Unknown",Integer,,no
a5d2,F,"1j. In the past 12 months, how often has the participant consumed cannabis (edibles, smoked, or vaporized)?",CANNABIS,Always,"0-4, 9","0, Never|1, Monthly or less|2, 2-4 times a month|3, 2-3 times a week|4, 4 or more times a week|9, Unknown",Integer,,no
a5d2,F,2a. Heart attack (heart artery blockage),HRTATTACK,Always,"0-2, 9","0, Absent|1, Recent/active|2, Remote/inactive|9, Unknown",Integer,,yes
a5d2,F,2a1. More than one heart attack?,HRTATTMULT,Conditional (e.g. skip pattern),"0, 1, 9","0, No|1, Yes|9, Unknown",Integer,[hrtattack] = '1' OR [hrtattack] = '2',yes
a5d2,F,2a2. Age at most recent heart attack,HRTATTAGE,Conditional (e.g. skip pattern),"10-110, 777, 999","10, 10|11, 11|12, 12|13, 13|14, 14|15, 15|16, 16|17, 17|18, 18|19, 19|20, 20|21, 21|22, 22|23, 23|24, 24|25, 25|26, 26|27, 27|28, 28|29, 29|30, 30|31, 31|32, 32|33, 33|34, 34|35, 35|36, 36|37, 37|38, 38|39, 39|40, 40|41, 41|42, 42|43, 43|44, 44|45, 45|46, 46|47, 47|48, 48|49, 49|50, 50|51, 51|52, 52|53, 53|54, 54|55, 55|56, 56|57, 57|58, 58|59, 59|60, 60|61, 61|62, 62|63, 63|64, 64|65, 65|66, 66|67, 67|68, 68|69, 69|70, 70|71, 71|72, 72|73, 73|74, 74|75, 75|76, 76|77, 77|78, 78|79, 79|80, 80|81, 81|82, 82|83, 83|84, 84|85, 85|86, 86|87, 87|88, 88|89, 89|90, 90|91, 91|92, 92|93, 93|94, 94|95, 95|96, 96|97, 97|98, 98|99, 99|100, 100|101, 101|102, 102|103, 103|104, 104|105, 105|106, 106|107, 107|108, 108|109, 109|110, 110|777, 777 = Age provided at previous UDS visit|999, 999 = Unknown",Integer,[hrtattack] = '1' OR [hrtattack] = '2',yes
a5d2,F,2b. Cardiac arrest (heart stopped),CARDARREST,Always,"0-2, 9","0, Absent|1, Recent/active|2, Remote/inactive|9, Unknown",Integer,,yes
a5d2,F,2b1. Age at most recent cardiac arrest,CARDARRAGE,Conditional (e.g. skip pattern),"10-110, 777, 999","10, 10|11, 11|12, 12|13, 13|14, 14|15, 15|16, 16|17, 17|18, 18|19, 19|20, 20|21, 21|22, 22|23, 23|24, 24|25, 25|26, 26|27, 27|28, 28|29, 29|30, 30|31, 31|32, 32|33, 33|34, 34|35, 35|36, 36|37, 37|38, 38|39, 39|40, 40|41, 41|42, 42|43, 43|44, 44|45, 45|46, 46|47, 47|48, 48|49, 49|50, 50|51, 51|52, 52|53, 53|54, 54|55, 55|56, 56|57, 57|58, 58|59, 59|60, 60|61, 61|62, 62|63, 63|64, 64|65, 65|66, 66|67, 67|68, 68|69, 69|70, 70|71, 71|72, 72|73, 73|74, 74|75, 75|76, 76|77, 77|78, 78|79, 79|80, 80|81, 81|82, 82|83, 83|84, 84|85, 85|86, 86|87, 87|88, 88|89, 89|90, 90|91, 91|92, 92|93, 93|94, 94|95, 95|96, 96|97, 97|98, 98|99, 99|100, 100|101, 101|102, 102|103, 103|104, 104|105, 105|106, 106|107, 107|108, 108|109, 109|110, 110|777, 777 = Age provided at previous UDS visit|999, 999 = Unknown",Integer,[cardarrest]='1' or [cardarrest]='2',yes
a5d2,F,2c. Atrial fibrillation,CVAFIB,Always,"0-2, 9","0, Absent|1, Recent/active|2, Remote/inactive|9, Unknown",Integer,,yes
a5d2,F,2d. Coronary artery angioplasty / endarterectomy / stenting,CVANGIO,Always,"0-2, 9","0, Absent|1, Recent/active|2, Remote/inactive|9, Unknown",Integer,,yes
a5d2,F,2e. Coronary artery bypass procedure,CVBYPASS,Always,"0-2, 9","0, Absent|1, Recent/active|2, Remote/inactive|9, Unknown",Integer,,yes
a5d2,F,2e1. Age at most recent coronary artery bypass surgery,BYPASSAGE,Conditional (e.g. skip pattern),"10-110, 777, 999","10, 10|11, 11|12, 12|13, 13|14, 14|15, 15|16, 16|17, 17|18, 18|19, 19|20, 20|21, 21|22, 22|23, 23|24, 24|25, 25|26, 26|27, 27|28, 28|29, 29|30, 30|31, 31|32, 32|33, 33|34, 34|35, 35|36, 36|37, 37|38, 38|39, 39|40, 40|41, 41|42, 42|43, 43|44, 44|45, 45|46, 46|47, 47|48, 48|49, 49|50, 50|51, 51|52, 52|53, 53|54, 54|55, 55|56, 56|57, 57|58, 58|59, 59|60, 60|61, 61|62, 62|63, 63|64, 64|65, 65|66, 66|67, 67|68, 68|69, 69|70, 70|71, 71|72, 72|73, 73|74, 74|75, 75|76, 76|77, 77|78, 78|79, 79|80, 80|81, 81|82, 82|83, 83|84, 84|85, 85|86, 86|87, 87|88, 88|89, 89|90, 90|91, 91|92, 92|93, 93|94, 94|95, 95|96, 96|97, 97|98, 98|99, 99|100, 100|101, 101|102, 102|103, 103|104, 104|105, 105|106, 106|107, 107|108, 108|109, 109|110, 110|777, 777 = Age provided at previous UDS visit|999, 999 = Unknown",Integer,[cvbypass]='1' or [cvbypass]='2',yes
a5d2,F,2f. Pacemaker and/or defibrillator implantation,CVPACDEF,Always,"0-2, 9","0, Absent|1, Recent/active|2, Remote/inactive|9, Unknown",Integer,,yes
a5d2,F,2f1. Age at first pacemaker and/or defibrillator implantation,PACDEFAGE,Conditional (e.g. skip pattern),"10-110, 777, 999","10, 10|11, 11|12, 12|13, 13|14, 14|15, 15|16, 16|17, 17|18, 18|19, 19|20, 20|21, 21|22, 22|23, 23|24, 24|25, 25|26, 26|27, 27|28, 28|29, 29|30, 30|31, 31|32, 32|33, 33|34, 34|35, 35|36, 36|37, 37|38, 38|39, 39|40, 40|41, 41|42, 42|43, 43|44, 44|45, 45|46, 46|47, 47|48, 48|49, 49|50, 50|51, 51|52, 52|53, 53|54, 54|55, 55|56, 56|57, 57|58, 58|59, 59|60, 60|61, 61|62, 62|63, 63|64, 64|65, 65|66, 66|67, 67|68, 68|69, 69|70, 70|71, 71|72, 72|73, 73|74, 74|75, 75|76, 76|77, 77|78, 78|79, 79|80, 80|81, 81|82, 82|83, 83|84, 84|85, 85|86, 86|87, 87|88, 88|89, 89|90, 90|91, 91|92, 92|93, 93|94, 94|95, 95|96, 96|97, 97|98, 98|99, 99|100, 100|101, 101|102, 102|103, 103|104, 104|105, 105|106, 106|107, 107|108, 108|109, 109|110, 110|777, 777 = Age provided at previous UDS visit|999, 999 = Unknown",Integer,[cvpacdef]='1' or [cvpacdef]='2',yes
a5d2,F,2g. Congestive heart failure (including pulmonary edema),CVCHF,Always,"0-2, 9","0, Absent|1, Recent/active|2, Remote/inactive|9, Unknown",Integer,,yes
a5d2,F,2h. Heart valve replacement or repair,CVHVALVE,Always,"0-2, 9","0, Absent|1, Recent/active|2, Remote/inactive|9, Unknown",Integer,,yes
a5d2,F,2h1. Age at most recent heart valve replacement or repair procedure,VALVEAGE,Conditional (e.g. skip pattern),"10-110, 777, 999","10, 10|11, 11|12, 12|13, 13|14, 14|15, 15|16, 16|17, 17|18, 18|19, 19|20, 20|21, 21|22, 22|23, 23|24, 24|25, 25|26, 26|27, 27|28, 28|29, 29|30, 30|31, 31|32, 32|33, 33|34, 34|35, 35|36, 36|37, 37|38, 38|39, 39|40, 40|41, 41|42, 42|43, 43|44, 44|45, 45|46, 46|47, 47|48, 48|49, 49|50, 50|51, 51|52, 52|53, 53|54, 54|55, 55|56, 56|57, 57|58, 58|59, 59|60, 60|61, 61|62, 62|63, 63|64, 64|65, 65|66, 66|67, 67|68, 68|69, 69|70, 70|71, 71|72, 72|73, 73|74, 74|75, 75|76, 76|77, 77|78, 78|79, 79|80, 80|81, 81|82, 82|83, 83|84, 84|85, 85|86, 86|87, 87|88, 88|89, 89|90, 90|91, 91|92, 92|93, 93|94, 94|95, 95|96, 96|97, 97|98, 98|99, 99|100, 100|101, 101|102, 102|103, 103|104, 104|105, 105|106, 106|107, 107|108, 108|109, 109|110, 110|777, 777 = Age provided at previous UDS visit|999, 999 = Unknown",Integer,[cvhvalve]='1' or [cvhvalve]='2',yes
a5d2,F,2i. Other cardiovascular disease,CVOTHR,Always,"0-2, 9","0, Absent|1, Recent/active|2, Remote/inactive|9, Unknown",Integer,,yes
a5d2,F,2i1. Specify other cardiovascular disease,CVOTHRX,Conditional (e.g. skip pattern),text,,String,[cvothr] = '1' OR [cvothr] = '2' ,yes
a5d2,F,"3a. Stroke by history, not exam (imaging is not required)",CBSTROKE,Always,"0-2, 9","0, Absent|1, Recent/active|2, Remote/inactive|9, Unknown",Integer,,yes
a5d2,F,3a1. More than one stroke?,STROKMUL,Conditional (e.g. skip pattern),"0, 1, 9","0, No|1, Yes|9, Unknown",Integer,[cbstroke] = '1' OR [cbstroke] = '2',yes
a5d2,F,3a2. Age at most recent stroke,STROKAGE,Conditional (e.g. skip pattern),"10-110, 777, 999","10, 10|11, 11|12, 12|13, 13|14, 14|15, 15|16, 16|17, 17|18, 18|19, 19|20, 20|21, 21|22, 22|23, 23|24, 24|25, 25|26, 26|27, 27|28, 28|29, 29|30, 30|31, 31|32, 32|33, 33|34, 34|35, 35|36, 36|37, 37|38, 38|39, 39|40, 40|41, 41|42, 42|43, 43|44, 44|45, 45|46, 46|47, 47|48, 48|49, 49|50, 50|51, 51|52, 52|53, 53|54, 54|55, 55|56, 56|57, 57|58, 58|59, 59|60, 60|61, 61|62, 62|63, 63|64, 64|65, 65|66, 66|67, 67|68, 68|69, 69|70, 70|71, 71|72, 72|73, 73|74, 74|75, 75|76, 76|77, 77|78, 78|79, 79|80, 80|81, 81|82, 82|83, 83|84, 84|85, 85|86, 86|87, 87|88, 88|89, 89|90, 90|91, 91|92, 92|93, 93|94, 94|95, 95|96, 96|97, 97|98, 98|99, 99|100, 100|101, 101|102, 102|103, 103|104, 104|105, 105|106, 106|107, 107|108, 108|109, 109|110, 110|777, 777 = Age provided at previous UDS visit|999, 999 = Unknown",Integer,[cbstroke] = '1' OR [cbstroke] = '2',yes
a5d2,F,3a3. What is status of stroke symptoms?,STROKSTAT,Conditional (e.g. skip pattern),"0-2, 9","0, Never improved|1, Partially improved|2, Improved back to normal|9, Unknown",Integer,[cbstroke] = '1' OR [cbstroke] = '2',yes
a5d2,F,3a4. Carotid artery surgery or stenting?,ANGIOCP,Conditional (e.g. skip pattern),"0, 1, 9","0, No|1, Yes|9, Unknown",Integer,[cbstroke] = '1' OR [cbstroke] = '2',yes
a5d2,F,3a5. Age at most recent carotid artery surgery or stenting,CAROTIDAGE,Conditional (e.g. skip pattern),"10-110, 777, 999","10, 10|11, 11|12, 12|13, 13|14, 14|15, 15|16, 16|17, 17|18, 18|19, 19|20, 20|21, 21|22, 22|23, 23|24, 24|25, 25|26, 26|27, 27|28, 28|29, 29|30, 30|31, 31|32, 32|33, 33|34, 34|35, 35|36, 36|37, 37|38, 38|39, 39|40, 40|41, 41|42, 42|43, 43|44, 44|45, 45|46, 46|47, 47|48, 48|49, 49|50, 50|51, 51|52, 52|53, 53|54, 54|55, 55|56, 56|57, 57|58, 58|59, 59|60, 60|61, 61|62, 62|63, 63|64, 64|65, 65|66, 66|67, 67|68, 68|69, 69|70, 70|71, 71|72, 72|73, 73|74, 74|75, 75|76, 76|77, 77|78, 78|79, 79|80, 80|81, 81|82, 82|83, 83|84, 84|85, 85|86, 86|87, 87|88, 88|89, 89|90, 90|91, 91|92, 92|93, 93|94, 94|95, 95|96, 96|97, 97|98, 98|99, 99|100, 100|101, 101|102, 102|103, 103|104, 104|105, 105|106, 106|107, 107|108, 108|109, 109|110, 110|777, 777 = Age provided at previous UDS visit|999, 999 = Unknown",Integer,[angiocp] = '1',yes
a5d2,F,3b. Transient ischemic attack (TIA),CBTIA,Always,"0-2, 9","0, Absent|1, Recent/active|2, Remote/inactive|9, Unknown",Integer,,yes
a5d2,F,3b1. Age at most recent TIA,TIAAGE,Conditional (e.g. skip pattern),"10-110, 777, 999","10, 10|11, 11|12, 12|13, 13|14, 14|15, 15|16, 16|17, 17|18, 18|19, 19|20, 20|21, 21|22, 22|23, 23|24, 24|25, 25|26, 26|27, 27|28, 28|29, 29|30, 30|31, 31|32, 32|33, 33|34, 34|35, 35|36, 36|37, 37|38, 38|39, 39|40, 40|41, 41|42, 42|43, 43|44, 44|45, 45|46, 46|47, 47|48, 48|49, 49|50, 50|51, 51|52, 52|53, 53|54, 54|55, 55|56, 56|57, 57|58, 58|59, 59|60, 60|61, 61|62, 62|63, 63|64, 64|65, 65|66, 66|67, 67|68, 68|69, 69|70, 70|71, 71|72, 72|73, 73|74, 74|75, 75|76, 76|77, 77|78, 78|79, 79|80, 80|81, 81|82, 82|83, 83|84, 84|85, 85|86, 86|87, 87|88, 88|89, 89|90, 90|91, 91|92, 92|93, 93|94, 94|95, 95|96, 96|97, 97|98, 98|99, 99|100, 100|101, 101|102, 102|103, 103|104, 104|105, 105|106, 106|107, 107|108, 108|109, 109|110, 110|777, 777 = Age provided at previous UDS visit|999, 999 = Unknown",Integer,[cbtia] = '1' OR [cbtia] = '2',yes
a5d2,F,4a. Parkinson's disease (PD),PD,Always,"0, 1, 9","0, Absent|1, Recent/active|9, Unknown",Integer,,yes
a5d2,F,4a1. Age at estimated PD symptom onset,PDAGE,Conditional (e.g. skip pattern),"10-110, 777, 999","10, 10|11, 11|12, 12|13, 13|14, 14|15, 15|16, 16|17, 17|18, 18|19, 19|20, 20|21, 21|22, 22|23, 23|24, 24|25, 25|26, 26|27, 27|28, 28|29, 29|30, 30|31, 31|32, 32|33, 33|34, 34|35, 35|36, 36|37, 37|38, 38|39, 39|40, 40|41, 41|42, 42|43, 43|44, 44|45, 45|46, 46|47, 47|48, 48|49, 49|50, 50|51, 51|52, 52|53, 53|54, 54|55, 55|56, 56|57, 57|58, 58|59, 59|60, 60|61, 61|62, 62|63, 63|64, 64|65, 65|66, 66|67, 67|68, 68|69, 69|70, 70|71, 71|72, 72|73, 73|74, 74|75, 75|76, 76|77, 77|78, 78|79, 79|80, 80|81, 81|82, 82|83, 83|84, 84|85, 85|86, 86|87, 87|88, 88|89, 89|90, 90|91, 91|92, 92|93, 93|94, 94|95, 95|96, 96|97, 97|98, 98|99, 99|100, 100|101, 101|102, 102|103, 103|104, 104|105, 105|106, 106|107, 107|108, 108|109, 109|110, 110|777, 777 = Age provided at previous UDS visit|999, 999 = Unknown",Integer,[pd] = '1',yes
a5d2,F,"4b. Other parkinsonism disorder (e.g., DLB)",PDOTHR,Always,"0, 1, 9","0, Absent|1, Recent/active|9, Unknown",Integer,,yes
a5d2,F,4b1. Age at parkinsonism disorder diagnosis,PDOTHRAGE,Conditional (e.g. skip pattern),"10-110, 777, 999","10, 10|11, 11|12, 12|13, 13|14, 14|15, 15|16, 16|17, 17|18, 18|19, 19|20, 20|21, 21|22, 22|23, 23|24, 24|25, 25|26, 26|27, 27|28, 28|29, 29|30, 30|31, 31|32, 32|33, 33|34, 34|35, 35|36, 36|37, 37|38, 38|39, 39|40, 40|41, 41|42, 42|43, 43|44, 44|45, 45|46, 46|47, 47|48, 48|49, 49|50, 50|51, 51|52, 52|53, 53|54, 54|55, 55|56, 56|57, 57|58, 58|59, 59|60, 60|61, 61|62, 62|63, 63|64, 64|65, 65|66, 66|67, 67|68, 68|69, 69|70, 70|71, 71|72, 72|73, 73|74, 74|75, 75|76, 76|77, 77|78, 78|79, 79|80, 80|81, 81|82, 82|83, 83|84, 84|85, 85|86, 86|87, 87|88, 88|89, 89|90, 90|91, 91|92, 92|93, 93|94, 94|95, 95|96, 96|97, 97|98, 98|99, 99|100, 100|101, 101|102, 102|103, 103|104, 104|105, 105|106, 106|107, 107|108, 108|109, 109|110, 110|777, 777 = Age provided at previous UDS visit|999, 999 = Unknown",Integer,[pdothr] = '1',yes
a5d2,F,4c. Epilepsy and/or history of seizures (excluding childhood febrile seizures),SEIZURES,Always,"0-2, 9","0, Absent|1, Recent/active|2, Remote/inactive|9, Unknown",Integer,,yes
a5d2,F,4c1. How many seizures has the participant had in the past 12 months?,SEIZNUM,Conditional (e.g. skip pattern),"0-2, 9","0, None|1, 1 or 2|2, 3 or more|9, Unknown",Integer,[seizures]='1',no
a5d2,F,4c2. Age at first seizure (excluding childhood febrile seizures),SEIZAGE,Conditional (e.g. skip pattern),"0-110, 777, 999","0, 0|1, 1|2, 2|3, 3|4, 4|5, 5|6, 6|7, 7|8, 8|9, 9|10, 10|11, 11|12, 12|13, 13|14, 14|15, 15|16, 16|17, 17|18, 18|19, 19|20, 20|21, 21|22, 22|23, 23|24, 24|25, 25|26, 26|27, 27|28, 28|29, 29|30, 30|31, 31|32, 32|33, 33|34, 34|35, 35|36, 36|37, 37|38, 38|39, 39|40, 40|41, 41|42, 42|43, 43|44, 44|45, 45|46, 46|47, 47|48, 48|49, 49|50, 50|51, 51|52, 52|53, 53|54, 54|55, 55|56, 56|57, 57|58, 58|59, 59|60, 60|61, 61|62, 62|63, 63|64, 64|65, 65|66, 66|67, 67|68, 68|69, 69|70, 70|71, 71|72, 72|73, 73|74, 74|75, 75|76, 76|77, 77|78, 78|79, 79|80, 80|81, 81|82, 82|83, 83|84, 84|85, 85|86, 86|87, 87|88, 88|89, 89|90, 90|91, 91|92, 92|93, 93|94, 94|95, 95|96, 96|97, 97|98, 98|99, 99|100, 100|101, 101|102, 102|103, 103|104, 104|105, 105|106, 106|107, 107|108, 108|109, 109|110, 110|777, 777 = Age provided at previous UDS visit|999, 999",Integer,[seizures]='1' or [seizures]='2',yes
a5d2,F,4d. Chronic headaches,HEADACHE,Always,"0-2, 9","0, Absent|1, Recent/active|2, Remote/inactive|9, Unknown",Integer,,yes
a5d2,F,4e. Multiple sclerosis,MS,Always,"0-2, 9","0, Absent|1, Recent/active|2, Remote/inactive|9, Unknown",Integer,,yes
a5d2,F,4f. Normal-pressure hydrocephalus,HYDROCEPH,Always,"0-2, 9","0, Absent|1, Recent/active|2, Remote/inactive|9, Unknown",Integer,,yes
a5d2,F,"4g. Repetitive head impacts (e.g. from contact sports, intimate partner violence, or military duty), regardless of whether it caused symptoms.",HEADIMP,Always,"0, 1, 9","0, No|1, Yes|9, Unknown",Integer,,yes
a5d2,F,4g1a. Source of exposure for repeated hits to the head: American football,IMPAMFOOT,Conditional (e.g. skip pattern),1 or blank,,Integer,[headimp]='1',yes
a5d2,F,4g1b. Source of exposure for repeated hits to the head: Soccer,IMPSOCCER,Conditional (e.g. skip pattern),1 or blank,,Integer,[headimp]='1',yes
a5d2,F,4g1c. Source of exposure for repeated hits to the head: Ice hockey,IMPHOCKEY,Conditional (e.g. skip pattern),1 or blank,,Integer,[headimp]='1',yes
a5d2,F,4g1d. Source of exposure for repeated hits to the head: Boxing or mixed martial arts,IMPBOXING,Conditional (e.g. skip pattern),1 or blank,,Integer,[headimp]='1',yes
a5d2,F,4g1e. Source of exposure for repeated hits to the head: Other contact sport,IMPSPORT,Conditional (e.g. skip pattern),1 or blank,,Integer,[headimp]='1',yes
a5d2,F,4g1f. Source of exposure for repeated hits to the head: Intimate partner violence,IMPIPV,Conditional (e.g. skip pattern),1 or blank,,Integer,[headimp]='1',yes
a5d2,F,4g1g. Source of exposure for repeated hits to the head: Military service,IMPMILIT,Conditional (e.g. skip pattern),1 or blank,,Integer,[headimp]='1',yes
a5d2,F,4g1h. Source of exposure for repeated hits to the head: Physical assault,IMPASSAULT,Conditional (e.g. skip pattern),1 or blank,,Integer,[headimp]='1',yes
a5d2,F,4g1i. Source of exposure for repeated hits to the head: Other cause,IMPOTHER,Conditional (e.g. skip pattern),1 or blank,,Integer,[headimp]='1',yes
a5d2,F,4g1i1. Specify other source of exposure for repeated hits to the head,IMPOTHERX,Conditional (e.g. skip pattern),text,,String,[headimp]='1' and [impother]='1',yes
a5d2,F,4g2. Indicate the total length of time in years that the participant was exposed to repeated hits to the head (e.g. playing American football for 7 years),IMPYEARS,Conditional (e.g. skip pattern),"0-110, 777, 999","0, 0|1, 1|2, 2|3, 3|4, 4|5, 5|6, 6|7, 7|8, 8|9, 9|10, 10|11, 11|12, 12|13, 13|14, 14|15, 15|16, 16|17, 17|18, 18|19, 19|20, 20|21, 21|22, 22|23, 23|24, 24|25, 25|26, 26|27, 27|28, 28|29, 29|30, 30|31, 31|32, 32|33, 33|34, 34|35, 35|36, 36|37, 37|38, 38|39, 39|40, 40|41, 41|42, 42|43, 43|44, 44|45, 45|46, 46|47, 47|48, 48|49, 49|50, 50|51, 51|52, 52|53, 53|54, 54|55, 55|56, 56|57, 57|58, 58|59, 59|60, 60|61, 61|62, 62|63, 63|64, 64|65, 65|66, 66|67, 67|68, 68|69, 69|70, 70|71, 71|72, 72|73, 73|74, 74|75, 75|76, 76|77, 77|78, 78|79, 79|80, 80|81, 81|82, 82|83, 83|84, 84|85, 85|86, 86|87, 87|88, 88|89, 89|90, 90|91, 91|92, 92|93, 93|94, 94|95, 95|96, 96|97, 97|98, 98|99, 99|100, 100|101, 101|102, 102|103, 103|104, 104|105, 105|106, 106|107, 107|108, 108|109, 109|110, 110|777, 777 = Age provided at previous UDS visit|999, 999 = Unknown",Integer,[headimp]='1',yes
a5d2,F,"4h. Head injury (e.g. in a vehicle accident, being hit by an object, in a fall, while playing sports or biking, in an assault, or during military service) that resulted in a period of feeling ""dazed or confused,"" being unable to recall details of the injury, or loss of consciousness (if multiple head injuries, consider most severe episode).",HEADINJURY,Always,"0, 1, 9","0, No|1, Yes|9, Unknown",Integer,,yes
a5d2,F,"4h1. After a head injury, what was the longest period of time that the participant was unconscious?",HEADINJUNC,Conditional (e.g. skip pattern),"0-4, 8, 9","0, Less than 5 minutes|1, 5 minutes to less than 30 minutes|2, 30 minutes to less than 24 hours|3, 1 day to less than 7 days|4, 7 days or more|8, Not applicable, no loss of consciousness|9, Unknown duration",Integer,[headinjury]='1',yes
a5d2,F,"4h2. After a head injury, what was the longest period that the participant was ""dazed or confused"" or unable to recall details of the injury?",HEADINJCON,Conditional (e.g. skip pattern),"0-4, 8, 9","0, Less than 5 minutes|1, 5 minutes to less than 30 minutes|2, 30 minutes to less than 24 hours|3, 1 day to less than 7 days|4, 7 days or more|8, Not applicable, never dazed and confused|9, Unknown duration",Integer,[headinjury]='1',yes
a5d2,F,"4h3. Total number of head injuries in which the participant felt ""dazed or confused"", unable to recall details of the injury or experienced loss of consciousness?",HEADINJNUM,Conditional (e.g. skip pattern),"0-4, 9","0, None|1, 1-2|2, 3-5|3, 6-12|4, 13 or more|9, Unknown",Integer,[headinjury]='1',yes
a5d2,F,"4h4. Age of first head injury that resulted in a period of feeling ""dazed or confused,"" being unable to recall details of the injury, or loss of consciousness",FIRSTTBI,Conditional (e.g. skip pattern),"0-110, 777, 999","0, 0|1, 1|2, 2|3, 3|4, 4|5, 5|6, 6|7, 7|8, 8|9, 9|10, 10|11, 11|12, 12|13, 13|14, 14|15, 15|16, 16|17, 17|18, 18|19, 19|20, 20|21, 21|22, 22|23, 23|24, 24|25, 25|26, 26|27, 27|28, 28|29, 29|30, 30|31, 31|32, 32|33, 33|34, 34|35, 35|36, 36|37, 37|38, 38|39, 39|40, 40|41, 41|42, 42|43, 43|44, 44|45, 45|46, 46|47, 47|48, 48|49, 49|50, 50|51, 51|52, 52|53, 53|54, 54|55, 55|56, 56|57, 57|58, 58|59, 59|60, 60|61, 61|62, 62|63, 63|64, 64|65, 65|66, 66|67, 67|68, 68|69, 69|70, 70|71, 71|72, 72|73, 73|74, 74|75, 75|76, 76|77, 77|78, 78|79, 79|80, 80|81, 81|82, 82|83, 83|84, 84|85, 85|86, 86|87, 87|88, 88|89, 89|90, 90|91, 91|92, 92|93, 93|94, 94|95, 95|96, 96|97, 97|98, 98|99, 99|100, 100|101, 101|102, 102|103, 103|104, 104|105, 105|106, 106|107, 107|108, 108|109, 109|110, 110|777, 777 = Age provided at previous UDS visit|999, 999 = Unknown",Integer,[headinjury]='1',yes
a5d2,F,"4h5. Age of most recent head injury that resulted in a period of feeling ""dazed or confused,"" being unable to recall details of the injury, or loss of consciousness",LASTTBI,Conditional (e.g. skip pattern),"0-110, 777, 999","0, 0|1, 1|2, 2|3, 3|4, 4|5, 5|6, 6|7, 7|8, 8|9, 9|10, 10|11, 11|12, 12|13, 13|14, 14|15, 15|16, 16|17, 17|18, 18|19, 19|20, 20|21, 21|22, 22|23, 23|24, 24|25, 25|26, 26|27, 27|28, 28|29, 29|30, 30|31, 31|32, 32|33, 33|34, 34|35, 35|36, 36|37, 37|38, 38|39, 39|40, 40|41, 41|42, 42|43, 43|44, 44|45, 45|46, 46|47, 47|48, 48|49, 49|50, 50|51, 51|52, 52|53, 53|54, 54|55, 55|56, 56|57, 57|58, 58|59, 59|60, 60|61, 61|62, 62|63, 63|64, 64|65, 65|66, 66|67, 67|68, 68|69, 69|70, 70|71, 71|72, 72|73, 73|74, 74|75, 75|76, 76|77, 77|78, 78|79, 79|80, 80|81, 81|82, 82|83, 83|84, 84|85, 85|86, 86|87, 87|88, 88|89, 89|90, 90|91, 91|92, 92|93, 93|94, 94|95, 95|96, 96|97, 97|98, 98|99, 99|100, 100|101, 101|102, 102|103, 103|104, 104|105, 105|106, 106|107, 107|108, 108|109, 109|110, 110|777, 777 = Age provided at previous UDS visit|999, 999 = Unknown",Integer,[headinjury]='1',yes
a5d2,F,5a. Diabetes,DIABETES,Always,"0-2, 9","0, Absent|1, Recent/active|2, Remote/inactive|9, Unknown",Integer,,yes
a5d2,F,5a1. Diabetes type,DIABTYPE,Conditional (e.g. skip pattern),"1-3, 9","1, Type 1|2, Type 2|3, Other (diabetes insipidus, latent autoimmune diabetes/type 1.5, gestational diabetes)|9, Unknown",Integer,[diabetes] = '1' or [diabetes] = '2',yes
a5d2,F,5a2a. Diabetes treated with: Insulin,DIABINS,Conditional (e.g. skip pattern),1 or blank,,Integer,[diabetes] = '1' or [diabetes] = '2',yes
a5d2,F,5a2b. Diabetes treated with: Oral medications,DIABMEDS,Conditional (e.g. skip pattern),1 or blank,,Integer,[diabetes] = '1' or [diabetes] = '2',yes
a5d2,F,5a2c. GLP-1 receptor agonist,DIABGLP1,Conditional (e.g. skip pattern),1 or blank,,Integer,[diabetes] = '1' or [diabetes] = '2',yes
a5d2,F,"5a2d. Other non-insulin, non-GLP-1 receptor agonist injection medication",DIABRECACT,Conditional (e.g. skip pattern),1 or blank,,Integer,[diabetes] = '1' or [diabetes] = '2',yes
a5d2,F,5a2e. Diabetes treated with: Diet,DIABDIET,Conditional (e.g. skip pattern),1 or blank,,Integer,[diabetes] = '1' or [diabetes] = '2',yes
a5d2,F,5a2f. Diabetes treated with: Unknown,DIABUNK,Conditional (e.g. skip pattern),1 or blank,,Integer,[diabetes] = '1' or [diabetes] = '2',yes
a5d2,F,5a3. Age at diabetes diagnosis,DIABAGE,Conditional (e.g. skip pattern),"0-110, 777, 999","0, 0|1, 1|2, 2|3, 3|4, 4|5, 5|6, 6|7, 7|8, 8|9, 9|10, 10|11, 11|12, 12|13, 13|14, 14|15, 15|16, 16|17, 17|18, 18|19, 19|20, 20|21, 21|22, 22|23, 23|24, 24|25, 25|26, 26|27, 27|28, 28|29, 29|30, 30|31, 31|32, 32|33, 33|34, 34|35, 35|36, 36|37, 37|38, 38|39, 39|40, 40|41, 41|42, 42|43, 43|44, 44|45, 45|46, 46|47, 47|48, 48|49, 49|50, 50|51, 51|52, 52|53, 53|54, 54|55, 55|56, 56|57, 57|58, 58|59, 59|60, 60|61, 61|62, 62|63, 63|64, 64|65, 65|66, 66|67, 67|68, 68|69, 69|70, 70|71, 71|72, 72|73, 73|74, 74|75, 75|76, 76|77, 77|78, 78|79, 79|80, 80|81, 81|82, 82|83, 83|84, 84|85, 85|86, 86|87, 87|88, 88|89, 89|90, 90|91, 91|92, 92|93, 93|94, 94|95, 95|96, 96|97, 97|98, 98|99, 99|100, 100|101, 101|102, 102|103, 103|104, 104|105, 105|106, 106|107, 107|108, 108|109, 109|110, 110|777, 777 = Age provided at previous UDS visit|999, 999 = Unknown",Integer,[diabetes] = '1' or [diabetes] = '2',yes
a5d2,F,5b. Hypertension (or taking medication for hypertension),HYPERTEN,Always,"0-2, 9","0, Absent|1, Recent/active|2, Remote/inactive|9, Unknown",Integer,,yes
a5d2,F,5b1. Age at hypertension diagnosis,HYPERTAGE,Conditional (e.g. skip pattern),"10-110, 777, 999","10, 10|11, 11|12, 12|13, 13|14, 14|15, 15|16, 16|17, 17|18, 18|19, 19|20, 20|21, 21|22, 22|23, 23|24, 24|25, 25|26, 26|27, 27|28, 28|29, 29|30, 30|31, 31|32, 32|33, 33|34, 34|35, 35|36, 36|37, 37|38, 38|39, 39|40, 40|41, 41|42, 42|43, 43|44, 44|45, 45|46, 46|47, 47|48, 48|49, 49|50, 50|51, 51|52, 52|53, 53|54, 54|55, 55|56, 56|57, 57|58, 58|59, 59|60, 60|61, 61|62, 62|63, 63|64, 64|65, 65|66, 66|67, 67|68, 68|69, 69|70, 70|71, 71|72, 72|73, 73|74, 74|75, 75|76, 76|77, 77|78, 78|79, 79|80, 80|81, 81|82, 82|83, 83|84, 84|85, 85|86, 86|87, 87|88, 88|89, 89|90, 90|91, 91|92, 92|93, 93|94, 94|95, 95|96, 96|97, 97|98, 98|99, 99|100, 100|101, 101|102, 102|103, 103|104, 104|105, 105|106, 106|107, 107|108, 108|109, 109|110, 110|777, 777 = Age provided at previous UDS visit|999, 999 = Unknown",Integer,[hyperten]='1' or [hyperten]='2',yes
a5d2,F,5c. Hypercholesterolemia (or taking medication for high cholesterol),HYPERCHO,Always,"0-2, 9","0, Absent|1, Recent/active|2, Remote/inactive|9, Unknown",Integer,,yes
a5d2,F,5c1. Age at hypercholesterolemia diagnosis,HYPERCHAGE,Conditional (e.g. skip pattern),"10-110, 777, 999","10, 10|11, 11|12, 12|13, 13|14, 14|15, 15|16, 16|17, 17|18, 18|19, 19|20, 20|21, 21|22, 22|23, 23|24, 24|25, 25|26, 26|27, 27|28, 28|29, 29|30, 30|31, 31|32, 32|33, 33|34, 34|35, 35|36, 36|37, 37|38, 38|39, 39|40, 40|41, 41|42, 42|43, 43|44, 44|45, 45|46, 46|47, 47|48, 48|49, 49|50, 50|51, 51|52, 52|53, 53|54, 54|55, 55|56, 56|57, 57|58, 58|59, 59|60, 60|61, 61|62, 62|63, 63|64, 64|65, 65|66, 66|67, 67|68, 68|69, 69|70, 70|71, 71|72, 72|73, 73|74, 74|75, 75|76, 76|77, 77|78, 78|79, 79|80, 80|81, 81|82, 82|83, 83|84, 84|85, 85|86, 86|87, 87|88, 88|89, 89|90, 90|91, 91|92, 92|93, 93|94, 94|95, 95|96, 96|97, 97|98, 98|99, 99|100, 100|101, 101|102, 102|103, 103|104, 104|105, 105|106, 106|107, 107|108, 108|109, 109|110, 110|777, 777 = Age provided at previous UDS visit|999, 999 = Unknown",Integer,[hypercho]='1' or [hypercho]='2',yes
a5d2,F,5d. B12 deficiency,B12DEF,Always,"0-2, 9","0, Absent|1, Recent/active|2, Remote/inactive|9, Unknown",Integer,,yes
a5d2,F,5e. Thyroid disease,THYROID,Always,"0-2, 9","0, Absent|1, Recent/active|2, Remote/inactive|9, Unknown",Integer,,yes
a5d2,F,5f. Arthritis,ARTHRIT,Always,"0-2, 9","0, Absent|1, Recent/active|2, Remote/inactive|9, Unknown",Integer,,yes
a5d2,F,5f1a. Type of arthritis: Rheumatoid,ARTHRRHEUM,Conditional (e.g. skip pattern),1 or blank,,Integer,[arthrit]='1' or [arthrit]='2',yes
a5d2,F,5f1b. Type of arthritis: Osteoarthritis,ARTHROSTEO,Conditional (e.g. skip pattern),1 or blank,,Integer,[arthrit]='1' or [arthrit]='2',yes
a5d2,F,5f1c. Type of arthritis: Other,ARTHROTHR,Conditional (e.g. skip pattern),1 or blank,,Integer,[arthrit]='1' or [arthrit]='2',yes
a5d2,F,5f1c1. Specify other type of arthritis,ARTHTYPX,Conditional (e.g. skip pattern),text,,String,[arthrothr] = '1',yes
a5d2,F,5f1d. Type of arthritis: Unknown,ARTHTYPUNK,Conditional (e.g. skip pattern),1 or blank,,Integer,[arthrit]='1' or [arthrit]='2',yes
a5d2,F,5f2a. Upper extremity affected by arthritis,ARTHUPEX,Conditional (e.g. skip pattern),"0, 1 or blank",,Integer,[arthrit]='1' or [arthrit]='2',yes
a5d2,F,5f2b. Lower extremity affected by arthritis,ARTHLOEX,Conditional (e.g. skip pattern),"0, 1 or blank",,Integer,[arthrit]='1' or [arthrit]='2',yes
a5d2,F,5f2c. Spine affected by arthritis,ARTHSPIN,Conditional (e.g. skip pattern),"0, 1 or blank",,Integer,[arthrit]='1' or [arthrit]='2',yes
a5d2,F,5f2d. Region affected by arthritis unknown,ARTHUNK,Conditional (e.g. skip pattern),"0, 1 or blank",,Integer,[arthrit]='1' or [arthrit]='2',yes
a5d2,F,5g. Incontinence-urinary (occurring at least weekly),INCONTU,Always,"0-2, 9","0, Absent|1, Recent/active|2, Remote/inactive|9, Unknown",Integer,,yes
a5d2,F,5h. Incontinence-bowel (occurring at least weekly),INCONTF,Always,"0-2, 9","0, Absent|1, Recent/active|2, Remote/inactive|9, Unknown",Integer,,yes
a5d2,F,5i. Sleep apnea,APNEA,Always,"0-2, 9","0, Absent|1, Recent/active|2, Remote/inactive|9, Unknown",Integer,,yes
a5d2,F,5i1. Typical use of breathing machine (e.g. CPAP) at night over the past 12 months,CPAP,Conditional (e.g. skip pattern),"0-2, 9","0, None|1, < 4 hours per night|2, > 4 hours per night|9, Unknown",Integer,[apnea]='1',no
a5d2,F,5i2. Typical use of an oral device for sleep apnea at night over the past 12 months?,APNEAORAL,Conditional (e.g. skip pattern),"0-2, 9","0, None|1, < 4 hours per night|2, > 4 hours per night|9, Unknown",Integer,[apnea]='1',no
a5d2,F,5j. REM sleep behavior disorder (RBD),RBD,Always,"0-2, 9","0, Absent|1, Recent/active|2, Remote/inactive|9, Unknown",Integer,,yes
a5d2,F,5k. Hyposomnia/Insomnia (occurring at least weekly or requiring medication),INSOMN,Always,"0-2, 9","0, Absent|1, Recent/active|2, Remote/inactive|9, Unknown",Integer,,yes
a5d2,F,5l. Other sleep disorder,OTHSLEEP,Always,"0-2, 9","0, Absent|1, Recent/active|2, Remote/inactive|9, Unknown",Integer,,yes
a5d2,F,5l1. Specify other sleep disorder,OTHSLEEX,Conditional (e.g. skip pattern),text,,String,[othsleep]='1' or [othsleep]='2',yes
a5d2,F,"5m. Cancer, primary or metastatic (Report all known diagnoses. Exclude  non-melanoma skin cancer.)",CANCERACTV,Always,"0-2, 9","0, Absent|1, Recent/active|2, Remote/inactive|9, Unknown",Integer,,yes
a5d2,F,5m1a. Type of cancer: Primary/non-metastatic,CANCERPRIM,Conditional (e.g. skip pattern),1 or blank,,Integer,[canceractv]='1' or [canceractv]='2',yes
a5d2,F,5m1b. Type of cancer: Metastatic,CANCERMETA,Conditional (e.g. skip pattern),1 or blank,,Integer,[canceractv]='1' or [canceractv]='2',yes
a5d2,F,5m1b1. Type of metastatic cancer: Metatstic to brain,CANCMETBR,Conditional (e.g. skip pattern),1 or blank,,Integer,[cancermeta]='1',yes
a5d2,F,5m1b2. Type of metastatic cancer: Metastatic to sites other than brain,CANCMETOTH,Conditional (e.g. skip pattern),1 or blank,,Integer,[cancermeta]='1',yes
a5d2,F,5m1c. Type of cancer: Unknown,CANCERUNK,Conditional (e.g. skip pattern),1 or blank,,Integer,[canceractv]='1' or [canceractv]='2',yes
a5d2,F,5m2a. Primary site of cancer: Blood,CANCBLOOD,Conditional (e.g. skip pattern),1 or blank,,Integer,[canceractv]='1' or [canceractv]='2',yes
a5d2,F,5m2b. Primary site of cancer: Breast,CANCBREAST,Conditional (e.g. skip pattern),1 or blank,,Integer,[canceractv]='1' or [canceractv]='2',yes
a5d2,F,5m2c. Primary site of cancer: Colon,CANCCOLON,Conditional (e.g. skip pattern),1 or blank,,Integer,[canceractv]='1' or [canceractv]='2',yes
a5d2,F,5m2d. Primary site of cancer: Lung,CANCLUNG,Conditional (e.g. skip pattern),1 or blank,,Integer,[canceractv]='1' or [canceractv]='2',yes
a5d2,F,5m2e. Primary site of cancer: Prostate,CANCPROST,Conditional (e.g. skip pattern),1 or blank,,Integer,[canceractv]='1' or [canceractv]='2',yes
a5d2,F,5m2f. Primary site of cancer: Other,CANCOTHER,Conditional (e.g. skip pattern),1 or blank,,Integer,[canceractv]='1' or [canceractv]='2',yes
a5d2,F,5m2f1. Specify other primary site of cancer,CANCOTHERX,Conditional (e.g. skip pattern),text,,String,[cancother]='1',yes
a5d2,F,5m3a. Type of cancer treatment: Radiation,CANCRAD,Conditional (e.g. skip pattern),1 or blank,,Integer,[canceractv]='1' or [canceractv]='2',yes
a5d2,F,5m3b. Type of cancer treatment: Surgical resection,CANCRESECT,Conditional (e.g. skip pattern),1 or blank,,Integer,[canceractv]='1' or [canceractv]='2',yes
a5d2,F,5m3c. Type of cancer treatment: Immunotherapy,CANCIMMUNO,Conditional (e.g. skip pattern),1 or blank,,Integer,[canceractv]='1' or [canceractv]='2',yes
a5d2,F,5m3d. Type of cancer treatment: Bone marrow transplant,CANCBONE,Conditional (e.g. skip pattern),1 or blank,,Integer,[canceractv]='1' or [canceractv]='2',yes
a5d2,F,5m3e. Type of cancer treatment: Chemotherapy,CANCCHEMO,Conditional (e.g. skip pattern),1 or blank,,Integer,[canceractv]='1' or [canceractv]='2',yes
a5d2,F,5m3f. Type of cancer treatment: Hormone therapy,CANCHORM,Conditional (e.g. skip pattern),1 or blank,,Integer,[canceractv]='1' or [canceractv]='2',yes
a5d2,F,5m3g. Type of cancer treatment: Other,CANCTROTH,Conditional (e.g. skip pattern),1 or blank,,Integer,[canceractv]='1' or [canceractv]='2',yes
a5d2,F,5m3g1. Specify other type of cancer treatment,CANCTROTHX,Conditional (e.g. skip pattern),text,,String,[canctroth] = '1',yes
a5d2,F,5m4. Age at most recent cancer diagnosis,CANCERAGE,Conditional (e.g. skip pattern),"0-110, 777, 999","0, 0|1, 1|2, 2|3, 3|4, 4|5, 5|6, 6|7, 7|8, 8|9, 9|10, 10|11, 11|12, 12|13, 13|14, 14|15, 15|16, 16|17, 17|18, 18|19, 19|20, 20|21, 21|22, 22|23, 23|24, 24|25, 25|26, 26|27, 27|28, 28|29, 29|30, 30|31, 31|32, 32|33, 33|34, 34|35, 35|36, 36|37, 37|38, 38|39, 39|40, 40|41, 41|42, 42|43, 43|44, 44|45, 45|46, 46|47, 47|48, 48|49, 49|50, 50|51, 51|52, 52|53, 53|54, 54|55, 55|56, 56|57, 57|58, 58|59, 59|60, 60|61, 61|62, 62|63, 63|64, 64|65, 65|66, 66|67, 67|68, 68|69, 69|70, 70|71, 71|72, 72|73, 73|74, 74|75, 75|76, 76|77, 77|78, 78|79, 79|80, 80|81, 81|82, 82|83, 83|84, 84|85, 85|86, 86|87, 87|88, 88|89, 89|90, 90|91, 91|92, 92|93, 93|94, 94|95, 95|96, 96|97, 97|98, 98|99, 99|100, 100|101, 101|102, 102|103, 103|104, 104|105, 105|106, 106|107, 107|108, 108|109, 109|110, 110|777, 777 = Age provided at previous UDS visit|999, 999 = Unknown",Integer,[canceractv]='1' or [canceractv]='2',yes
a5d2,F,5n. COVID-19 infection,COVID19,Always,"0-2, 9","0, Absent|1, Recent/active|2, Remote/inactive|9, Unknown",Integer,,yes
a5d2,F,5n1. COVID-19 infection requiring hospitalization?,COVIDHOSP,Conditional (e.g. skip pattern),"0, 1, 9","0, No|1, Yes|9, Unknown",Integer,[covid19]='1' or [covid19]='2',yes
a5d2,F,5o. Asthma/COPD/pulmonary disease,PULMONARY,Always,"0-2, 9","0, Absent|1, Recent/active|2, Remote/inactive|9, Unknown",Integer,,yes
a5d2,F,5p. Chronic kidney disease,KIDNEY,Always,"0-2, 9","0, Absent|1, Recent/active|2, Remote/inactive|9, Unknown",Integer,,yes
a5d2,F,5p1. Age at chronic kidney disease diagnosis,KIDNEYAGE,Conditional (e.g. skip pattern),"0-110, 777, 999","0, 0|1, 1|2, 2|3, 3|4, 4|5, 5|6, 6|7, 7|8, 8|9, 9|10, 10|11, 11|12, 12|13, 13|14, 14|15, 15|16, 16|17, 17|18, 18|19, 19|20, 20|21, 21|22, 22|23, 23|24, 24|25, 25|26, 26|27, 27|28, 28|29, 29|30, 30|31, 31|32, 32|33, 33|34, 34|35, 35|36, 36|37, 37|38, 38|39, 39|40, 40|41, 41|42, 42|43, 43|44, 44|45, 45|46, 46|47, 47|48, 48|49, 49|50, 50|51, 51|52, 52|53, 53|54, 54|55, 55|56, 56|57, 57|58, 58|59, 59|60, 60|61, 61|62, 62|63, 63|64, 64|65, 65|66, 66|67, 67|68, 68|69, 69|70, 70|71, 71|72, 72|73, 73|74, 74|75, 75|76, 76|77, 77|78, 78|79, 79|80, 80|81, 81|82, 82|83, 83|84, 84|85, 85|86, 86|87, 87|88, 88|89, 89|90, 90|91, 91|92, 92|93, 93|94, 94|95, 95|96, 96|97, 97|98, 98|99, 99|100, 100|101, 101|102, 102|103, 103|104, 104|105, 105|106, 106|107, 107|108, 108|109, 109|110, 110|777, 777 = Age provided at previous UDS visit|999, 999 = Unknown",Integer,[kidney]='1' or [kidney]='2',yes
a5d2,F,5q. Liver disease,LIVER,Always,"0-2, 9","0, Absent|1, Recent/active|2, Remote/inactive|9, Unknown",Integer,,yes
a5d2,F,5q1. Age at liver disease diagnosis,LIVERAGE,Conditional (e.g. skip pattern),"0-110, 777, 999","0, 0|1, 1|2, 2|3, 3|4, 4|5, 5|6, 6|7, 7|8, 8|9, 9|10, 10|11, 11|12, 12|13, 13|14, 14|15, 15|16, 16|17, 17|18, 18|19, 19|20, 20|21, 21|22, 22|23, 23|24, 24|25, 25|26, 26|27, 27|28, 28|29, 29|30, 30|31, 31|32, 32|33, 33|34, 34|35, 35|36, 36|37, 37|38, 38|39, 39|40, 40|41, 41|42, 42|43, 43|44, 44|45, 45|46, 46|47, 47|48, 48|49, 49|50, 50|51, 51|52, 52|53, 53|54, 54|55, 55|56, 56|57, 57|58, 58|59, 59|60, 60|61, 61|62, 62|63, 63|64, 64|65, 65|66, 66|67, 67|68, 68|69, 69|70, 70|71, 71|72, 72|73, 73|74, 74|75, 75|76, 76|77, 77|78, 78|79, 79|80, 80|81, 81|82, 82|83, 83|84, 84|85, 85|86, 86|87, 87|88, 88|89, 89|90, 90|91, 91|92, 92|93, 93|94, 94|95, 95|96, 96|97, 97|98, 98|99, 99|100, 100|101, 101|102, 102|103, 103|104, 104|105, 105|106, 106|107, 107|108, 108|109, 109|110, 110|777, 777 = Age provided at previous UDS visit|999, 999 = Unknown",Integer,[liver]='1' or [liver]='2',yes
a5d2,F,5r. Peripheral vascular disease,PVD,Always,"0-2, 9","0, Absent|1, Recent/active|2, Remote/inactive|9, Unknown",Integer,,yes
a5d2,F,5r1. Age at peripheral vascular disease diagnosis,PVDAGE,Conditional (e.g. skip pattern),"0-110, 777, 999","0, 0|1, 1|2, 2|3, 3|4, 4|5, 5|6, 6|7, 7|8, 8|9, 9|10, 10|11, 11|12, 12|13, 13|14, 14|15, 15|16, 16|17, 17|18, 18|19, 19|20, 20|21, 21|22, 22|23, 23|24, 24|25, 25|26, 26|27, 27|28, 28|29, 29|30, 30|31, 31|32, 32|33, 33|34, 34|35, 35|36, 36|37, 37|38, 38|39, 39|40, 40|41, 41|42, 42|43, 43|44, 44|45, 45|46, 46|47, 47|48, 48|49, 49|50, 50|51, 51|52, 52|53, 53|54, 54|55, 55|56, 56|57, 57|58, 58|59, 59|60, 60|61, 61|62, 62|63, 63|64, 64|65, 65|66, 66|67, 67|68, 68|69, 69|70, 70|71, 71|72, 72|73, 73|74, 74|75, 75|76, 76|77, 77|78, 78|79, 79|80, 80|81, 81|82, 82|83, 83|84, 84|85, 85|86, 86|87, 87|88, 88|89, 89|90, 90|91, 91|92, 92|93, 93|94, 94|95, 95|96, 96|97, 97|98, 98|99, 99|100, 100|101, 101|102, 102|103, 103|104, 104|105, 105|106, 106|107, 107|108, 108|109, 109|110, 110|777, 777 = Age provided at previous UDS visit|999, 999 = Unknown",Integer,[pvd]='1' or [pvd]='2',yes
a5d2,F,5s. Human Immunodeficiency Virus (HIV),HIVDIAG,Always,"0-2, 9","0, Absent|1, Recent/active|2, Remote/inactive|9, Unknown",Integer,,yes
a5d2,F,5s1. Age at HIV diagnosis,HIVAGE,Conditional (e.g. skip pattern),"0-110, 777, 999","0, 0|1, 1|2, 2|3, 3|4, 4|5, 5|6, 6|7, 7|8, 8|9, 9|10, 10|11, 11|12, 12|13, 13|14, 14|15, 15|16, 16|17, 17|18, 18|19, 19|20, 20|21, 21|22, 22|23, 23|24, 24|25, 25|26, 26|27, 27|28, 28|29, 29|30, 30|31, 31|32, 32|33, 33|34, 34|35, 35|36, 36|37, 37|38, 38|39, 39|40, 40|41, 41|42, 42|43, 43|44, 44|45, 45|46, 46|47, 47|48, 48|49, 49|50, 50|51, 51|52, 52|53, 53|54, 54|55, 55|56, 56|57, 57|58, 58|59, 59|60, 60|61, 61|62, 62|63, 63|64, 64|65, 65|66, 66|67, 67|68, 68|69, 69|70, 70|71, 71|72, 72|73, 73|74, 74|75, 75|76, 76|77, 77|78, 78|79, 79|80, 80|81, 81|82, 82|83, 83|84, 84|85, 85|86, 86|87, 87|88, 88|89, 89|90, 90|91, 91|92, 92|93, 93|94, 94|95, 95|96, 96|97, 97|98, 98|99, 99|100, 100|101, 101|102, 102|103, 103|104, 104|105, 105|106, 106|107, 107|108, 108|109, 109|110, 110|777, 777 = Age provided at previous UDS visit|999, 999 = Unknown",Integer,[hivdiag]='1' or [hivdiag]='2',yes
a5d2,F,5t. Other medical conditions or procedures,OTHERCOND,Always,"0-2, 9","0, Absent|1, Recent/active|2, Remote/inactive|9, Unknown",Integer,,yes
a5d2,F,5t1. Specify other medical conditions or procedures,OTHCONDX,Conditional (e.g. skip pattern),text,,String,[othercond]='1' or [othercond]='2',yes
a5d2,F,6a1. Major depressive disorder (DSM-5-TR criteria),MAJORDEP,Always,"0-2, 9","0, Absent|1, Recent/active|2, Remote/inactive|9, Unknown",Integer,,yes
a5d2,F,6a2. Other specified depressive disorder (DSm-5-TR criteria),OTHERDEP,Always,"0-2, 9","0, Absent|1, Recent/active|2, Remote/inactive|9, Unknown",Integer,,yes
a5d2,F,6a3. Choose if treated or untreated,DEPRTREAT,Conditional (e.g. skip pattern),"0, 1","0, Untreated|1, Treated with medication and/or counseling",Integer,[majordep]='1' or [otherdep]='1',no
a5d2,F,6b. Bipolar disorder (DSM-5-TR criteria),BIPOLAR,Always,"0-2, 9","0, Absent|1, Recent/active|2, Remote/inactive|9, Unknown",Integer,,yes
a5d2,F,6c. Schizophrenia or other psychosis disorder (DSM-5-TR criteria),SCHIZ,Always,"0-2, 9","0, Absent|1, Recent/active|2, Remote/inactive|9, Unknown",Integer,,yes
a5d2,F,6d. Anxiety disorder (DSM-5-TR criteria),ANXIETY,Always,"0-2, 9","0, Absent|1, Recent/active|2, Remote/inactive|9, Unknown",Integer,,yes
a5d2,F,6d1. Generalized Anxiety Disorder,GENERALANX,Conditional (e.g. skip pattern),"0-2, 9","0, Absent|1, Recent/active|2, Remote/inactive|9, Unknown",Integer,[anxiety]='1' or [anxiety]='2',yes
a5d2,F,6d2. Panic Disorder,PANICDIS,Conditional (e.g. skip pattern),"0-2, 9","0, Absent|1, Recent/active|2, Remote/inactive|9, Unknown",Integer,[anxiety]='1' or [anxiety]='2',yes
a5d2,F,6d3. Obsessive-compulsive disorder (OCD),OCD,Conditional (e.g. skip pattern),"0-2, 9","0, Absent|1, Recent/active|2, Remote/inactive|9, Unknown",Integer,[anxiety]='1' or [anxiety]='2',yes
a5d2,F,6d4. Other anxiety disorder,OTHANXDIS,Conditional (e.g. skip pattern),"0-2, 9","0, Absent|1, Recent/active|2, Remote/inactive|9, Unknown",Integer,[anxiety]='1' or [anxiety]='2',yes
a5d2,F,6d4a. Specify other anxiety disorder,OTHANXDISX,Conditional (e.g. skip pattern),text,,String,[othanxdis]='1' or [othanxdis]='2',yes
a5d2,F,6e. Post-traumatic stress disorder (PTSD) (DSM-5-TR criteria),PTSD,Always,"0-2, 9","0, Absent|1, Recent/active|2, Remote/inactive|9, Unknown",Integer,,yes
a5d2,F,"6f. Developmental neuropsychiatric disorders (e.g., autism spectrum disorder [ASD], attention-deficit hyperactivity disorder [ADHD], dyslexia)",NPSYDEV,Always,"0-2, 9","0, Absent|1, Recent/active|2, Remote/inactive|9, Unknown",Integer,,yes
a5d2,F,6g. Other psychiatric disorders,PSYCDIS,Always,"0-2, 9","0, Absent|1, Recent/active|2, Remote/inactive|9, Unknown",Integer,,yes
a5d2,F,6g1. Specify other psychiatric disorders,PSYCDISX,Conditional (e.g. skip pattern),text,,String,[psycdis] = '1' or [psycdis] = '2',yes
a5d2,F,7a. How old was the participant when they had their last menstrual period?,NOMENSAGE,Conditional (e.g. skip pattern),"10-70, 777, 888, 999","10, 10|11, 11|12, 12|13, 13|14, 14|15, 15|16, 16|17, 17|18, 18|19, 19|20, 20|21, 21|22, 22|23, 23|24, 24|25, 25|26, 26|27, 27|28, 28|29, 29|30, 30|31, 31|32, 32|33, 33|34, 34|35, 35|36, 36|37, 37|38, 38|39, 39|40, 40|41, 41|42, 42|43, 43|44, 44|45, 45|46, 46|47, 47|48, 48|49, 49|50, 50|51, 51|52, 52|53, 53|54, 54|55, 55|56, 56|57, 57|58, 58|59, 59|60, 60|61, 61|62, 62|63, 63|64, 64|65, 65|66, 66|67, 67|68, 68|69, 69|70, 70|777, 777 = age provided at previous UDS visit|777, 777 = Age provided at previous UDS visit|888, 888 =  Still menstruating|999, 999 = Unknown",Integer,,yes
a5d2,F,7b1. Participant has stopped having menstrual periods due to natural menopause,NOMENSNAT,Conditional (e.g. skip pattern),1 or blank,,Integer,[nomensage] <>'888',yes
a5d2,F,7b2. Participant has stopped having menstrual periods due to hysterectomy (surgical removal of uterus),NOMENSHYST,Conditional (e.g. skip pattern),1 or blank,,Integer,[nomensage] <>'888',yes
a5d2,F,7b3. Participant has stopped having menstrual periods due to surgical removal of both ovaries,NOMENSSURG,Conditional (e.g. skip pattern),1 or blank,,Integer,[nomensage] <>'888',yes
a5d2,F,7b4. Participant has stopped having menstrual periods due to chemotherapy for cancer or another condition,NOMENSCHEM,Conditional (e.g. skip pattern),1 or blank,,Integer,[nomensage] <>'888',yes
a5d2,F,7b5. Participant has stopped having menstrual periods due to radiation treatment or other damage/injury to reproductive organs,NOMENSRAD,Conditional (e.g. skip pattern),1 or blank,,Integer,[nomensage] <>'888',yes
a5d2,F,"7b6. Participant has stopped having menstrual periods due to hormonal supplements (e.g. the Pill, injections, Mirena, HRT)",NOMENSHORM,Conditional (e.g. skip pattern),1 or blank,,Integer,[nomensage] <>'888',yes
a5d2,F,7b7. Participant has stopped having menstrual periods due to anti-estrogen medication,NOMENSESTR,Conditional (e.g. skip pattern),1 or blank,,Integer,[nomensage] <>'888',yes
a5d2,F,7b8. Unsure of reason participant has stopped having menstrual periods,NOMENSUNK,Conditional (e.g. skip pattern),1 or blank,,Integer,[nomensage] <>'888',yes
a5d2,F,7b9. Other reason participant has stopped having menstrual periods,NOMENSOTH,Conditional (e.g. skip pattern),1 or blank,,Integer,[nomensage] <>'888',yes
a5d2,F,7b9a. Specify other reason participant has stopped having menstrual periods,NOMENSOTHX,Conditional (e.g. skip pattern),text,,String,[nomensoth]='1',yes
a5d2,F,7c. Has the participant taken female hormone replacement pills or patches (e.g. estrogen)?,HRT,Conditional (e.g. skip pattern),"0, 1, 9","0, No|1, Yes|9, Unknown",Integer,,yes
a5d2,F,7c1. Total number of years participant has taken female hormone replacement pills,HRTYEARS,Conditional (e.g. skip pattern),"0-90, 777, 999","0, 0|1, 1|2, 2|3, 3|4, 4|5, 5|6, 6|7, 7|8, 8|9, 9|10, 10|11, 11|12, 12|13, 13|14, 14|15, 15|16, 16|17, 17|18, 18|19, 19|20, 20|21, 21|22, 22|23, 23|24, 24|25, 25|26, 26|27, 27|28, 28|29, 29|30, 30|31, 31|32, 32|33, 33|34, 34|35, 35|36, 36|37, 37|38, 38|39, 39|40, 40|41, 41|42, 42|43, 43|44, 44|45, 45|46, 46|47, 47|48, 48|49, 49|50, 50|51, 51|52, 52|53, 53|54, 54|55, 55|56, 56|57, 57|58, 58|59, 59|60, 60|61, 61|62, 62|63, 63|64, 64|65, 65|66, 66|67, 67|68, 68|69, 69|70, 70|71, 71|72, 72|73, 73|74, 74|75, 75|76, 76|77, 77|78, 78|79, 79|80, 80|81, 81|82, 82|83, 83|84, 84|85, 85|86, 86|87, 87|88, 88|89, 89|90, 90|777, 777 =  Years provided at previous UDS visit | 999, 999 = Unknown",Integer,[hrt]='1',yes
a5d2,F,7c2. Age at first use of female hormone replacement pills,HRTSTRTAGE,Conditional (e.g. skip pattern),"10-110, 777, 999","10, 10|11, 11|12, 12|13, 13|14, 14|15, 15|16, 16|17, 17|18, 18|19, 19|20, 20|21, 21|22, 22|23, 23|24, 24|25, 25|26, 26|27, 27|28, 28|29, 29|30, 30|31, 31|32, 32|33, 33|34, 34|35, 35|36, 36|37, 37|38, 38|39, 39|40, 40|41, 41|42, 42|43, 43|44, 44|45, 45|46, 46|47, 47|48, 48|49, 49|50, 50|51, 51|52, 52|53, 53|54, 54|55, 55|56, 56|57, 57|58, 58|59, 59|60, 60|61, 61|62, 62|63, 63|64, 64|65, 65|66, 66|67, 67|68, 68|69, 69|70, 70|71, 71|72, 72|73, 73|74, 74|75, 75|76, 76|77, 77|78, 78|79, 79|80, 80|81, 81|82, 82|83, 83|84, 84|85, 85|86, 86|87, 87|88, 88|89, 89|90, 90|91, 91|92, 92|93, 93|94, 94|95, 95|96, 96|97, 97|98, 98|99, 99|100, 100|101, 101|102, 102|103, 103|104, 104|105, 105|106, 106|107, 107|108, 108|109, 109|110, 110|777, 777 = Age provided at previous UDS visit | 999, 999 = Unknown",Integer,[hrt]='1',yes
a5d2,F,7c3. Age at last use of female hormone replacement pills,HRTENDAGE,Conditional (e.g. skip pattern),"10-110, 777, 888, 999","10, 10|11, 11|12, 12|13, 13|14, 14|15, 15|16, 16|17, 17|18, 18|19, 19|20, 20|21, 21|22, 22|23, 23|24, 24|25, 25|26, 26|27, 27|28, 28|29, 29|30, 30|31, 31|32, 32|33, 33|34, 34|35, 35|36, 36|37, 37|38, 38|39, 39|40, 40|41, 41|42, 42|43, 43|44, 44|45, 45|46, 46|47, 47|48, 48|49, 49|50, 50|51, 51|52, 52|53, 53|54, 54|55, 55|56, 56|57, 57|58, 58|59, 59|60, 60|61, 61|62, 62|63, 63|64, 64|65, 65|66, 66|67, 67|68, 68|69, 69|70, 70|71, 71|72, 72|73, 73|74, 74|75, 75|76, 76|77, 77|78, 78|79, 79|80, 80|81, 81|82, 82|83, 83|84, 84|85, 85|86, 86|87, 87|88, 88|89, 89|90, 90|91, 91|92, 92|93, 93|94, 94|95, 95|96, 96|97, 97|98, 98|99, 99|100, 100|101, 101|102, 102|103, 103|104, 104|105, 105|106, 106|107, 107|108, 108|109, 109|110, 110|777, 777 = Age provided at previous UDS visit|888, 888 = Still presently using|999, 999 = Unknown",Integer,[hrt]='1',yes
a5d2,F,7d. Has the participant ever taken birth control pills?,BCPILLS,Conditional (e.g. skip pattern),"0, 1, 9","0, No|1, Yes|9, Unknown",Integer,,yes
a5d2,F,7d1. Total number of years participant has taken birth control pills,BCPILLSYR,Conditional (e.g. skip pattern),"0-50, 777, 999","0, 0|1, 1|2, 2|3, 3|4, 4|5, 5|6, 6|7, 7|8, 8|9, 9|10, 10|11, 11|12, 12|13, 13|14, 14|15, 15|16, 16|17, 17|18, 18|19, 19|20, 20|21, 21|22, 22|23, 23|24, 24|25, 25|26, 26|27, 27|28, 28|29, 29|30, 30|31, 31|32, 32|33, 33|34, 34|35, 35|36, 36|37, 37|38, 38|39, 39|40, 40|41, 41|42, 42|43, 43|44, 44|45, 45|46, 46|47, 47|48, 48|49, 49|50, 50|777, 777 =  Years provided at previous UDS visit | 999, 999 = Unknown",Integer,[bcpills]='1',yes
a5d2,F,7d2. Age at first use of birth control pills,BCSTARTAGE,Conditional (e.g. skip pattern),"10-70, 777, 999","10, 10|11, 11|12, 12|13, 13|14, 14|15, 15|16, 16|17, 17|18, 18|19, 19|20, 20|21, 21|22, 22|23, 23|24, 24|25, 25|26, 26|27, 27|28, 28|29, 29|30, 30|31, 31|32, 32|33, 33|34, 34|35, 35|36, 36|37, 37|38, 38|39, 39|40, 40|41, 41|42, 42|43, 43|44, 44|45, 45|46, 46|47, 47|48, 48|49, 49|50, 50|51, 51|52, 52|53, 53|54, 54|55, 55|56, 56|57, 57|58, 58|59, 59|60, 60|61, 61|62, 62|63, 63|64, 64|65, 65|66, 66|67, 67|68, 68|69, 69|70, 70|777, 777 = Age provided at previous UDS visit|999, 999 = Unknown",Integer,[bcpills]='1',yes
a5d2,F,7d3. Age at last use of birth control pills,BCENDAGE,Conditional (e.g. skip pattern),"10-70, 777, 888, 999","10, 10|11, 11|12, 12|13, 13|14, 14|15, 15|16, 16|17, 17|18, 18|19, 19|20, 20|21, 21|22, 22|23, 23|24, 24|25, 25|26, 26|27, 27|28, 28|29, 29|30, 30|31, 31|32, 32|33, 33|34, 34|35, 35|36, 36|37, 37|38, 38|39, 39|40, 40|41, 41|42, 42|43, 43|44, 44|45, 45|46, 46|47, 47|48, 48|49, 49|50, 50|51, 51|52, 52|53, 53|54, 54|55, 55|56, 56|57, 57|58, 58|59, 59|60, 60|61, 61|62, 62|63, 63|64, 64|65, 65|66, 66|67, 67|68, 68|69, 69|70, 70|777, 777 = Age provided at previous UDS visit|888, 888 = Still presently using|999, 999 = Unknown",Integer,[bcpills]='1',yes

